航次ID,船舶ID,进泊时间,离泊时间,船长,船宽,载重吨,船舶类型代码A,船舶类型代码B,泊位位置
1,525100545,1682989498,1683074299,97,16,3844,A,B,121.8960833011353 29.93290032975045
2,538009693,1677837175,1677872373,147,24,13075,B,A,121.92547188203457 29.936120717921202
3,477795300,1674911393,1674958671,366,48,140637,B,A,122.02107120092448 29.778912029292396
4,563188400,1703743411,1703996824,156,25,26004,C,B,121.75439821138373 29.979150371202415
5,413472910,1692065263,1692155248,119,19,5562,A,B,121.8960833011353 29.93290032975045
6,477855900,1672570989,1672622603,172,28,21196,B,A,121.93228463787132 29.940084640162464
7,636021665,1704459609,1704563784,366,51,175897,B,A,122.04954154331483 29.890458695384908
8,235093619,1698079505,1698182362,335,46,103668,B,A,121.86256874954715 29.938672571655324
9,538008946,1680998427,1681018595,171,28,23412,B,A,121.93228463787132 29.940084640162464
10,356015000,1704885909,1704928054,186,36,37621,B,A,121.84116957510483 29.944137794036124
11,352002802,1691983994,1692255002,182,32,46684,C,B,121.74391419091693 29.98181953364116
12,352132000,1685521570,1685582343,95,16,3752,A,B,121.89906923112821 29.93256276320894
13,370411000,1675422064,1675490766,146,24,19998,C,B,121.9561103968495 29.95190766488247
14,636022213,1701768169,1701901695,179,32,45290,C,B,121.74391419091693 29.98181953364116
15,440728000,1694711678,1694738955,261,32,51752,B,A,121.84116957510483 29.944137794036124
16,416072000,1675477866,1675640769,149,24,19999,C,B,121.89906923112821 29.93256276320894
17,440146000,1704671820,1704756270,100,18,4867,A,B,121.89868694105951 29.931472410600644
18,477712900,1674095600,1674268710,330,60,296326,D,C,121.81345119675835 29.956549406214588
19,626410000,1706423038,1706669729,250,44,117153,D,C,121.9900784144446 29.92800063526856
20,403639000,1697345550,1697438688,183,35,55202,C,B,121.78323817164318 29.97243550629892
21,416491000,1692754522,1692832653,0,0,57320,B,A,122.00190326744374 29.764757824193353
22,374850000,1692142517,1692227454,99,17,4981,A,B,121.89906923112821 29.93256276320894
23,477856800,1683327487,1683394992,366,51,156114,B,A,121.92909140408368 29.938775522735195
24,235102681,1690471885,1690532645,335,46,103891,B,A,122.00491060230848 29.76673611935694
25,563872000,1706313359,1706404845,229,38,92928,E,D,122.07685838333425 29.893054494052702
26,352001378,1685254587,1685515616,299,46,95606,A,C,122.09094289999453 29.897187190163223
27,372571000,1688021015,1688084938,119,20,11512,C,B,121.78323817164318 29.97243550629892
28,353924000,1683254508,1683422680,289,45,180199,E,D,122.07685838333425 29.893054494052702
29,447097000,1692779737,1693108663,333,60,319660,D,C,121.81345119675835 29.956549406214588
30,477652100,1680668492,1680930665,330,60,297336,D,C,121.81345119675835 29.956549406214588
31,636016176,1689230167,1689397260,120,20,10128,A,B,121.9561103968495 29.95190766488247
32,353616000,1674007148,1674176619,178,28,34497,C,B,121.75109782011569 29.9804931127261
33,636020969,1698885506,1699059160,292,45,181412,E,D,122.07685838333425 29.893054494052702
34,477887200,1688063251,1688101965,186,35,37504,B,A,121.92909140408368 29.938775522735195
35,232006324,1703410011,1703550560,289,45,180230,E,D,122.07685838333425 29.893054494052702
36,477237200,1688536633,1688709842,183,32,45999,C,B,121.74391419091693 29.98181953364116
37,477137700,1674985019,1675026725,172,28,21355,B,A,121.92547188203457 29.936120717921202
38,357964000,1675839840,1676090710,183,27,35775,C,B,121.74391419091693 29.98181953364116
39,440228000,1699078793,1699250370,117,20,11260,C,B,121.89581318351006 29.93222177093501
40,305977000,1677117412,1677151652,172,27,21789,B,A,121.86256874954715 29.938672571655324
41,440375000,1677618177,1677650163,148,23,12631,B,A,121.93228463787132 29.940084640162464
42,257892000,1706501023,1706678859,182,32,49466,C,B,121.9529721578593 29.94995541645756
43,636019381,1683517498,1683678766,292,45,175931,E,D,122.07685838333425 29.893054494052702
44,477767400,1681432606,1681602087,115,18,8587,A,B,121.74664956036302 29.981807064148477
45,241058000,1674043179,1674147145,292,45,180391,E,D,121.88299170323923 29.936601974988143
46,413472910,1681365947,1681517397,119,19,5562,A,B,121.89906923112821 29.93256276320894
47,241325000,1677046851,1677111578,333,60,320105,D,C,121.99610422984635 29.92340472293356
48,241517000,1702530915,1702868259,274,48,156458,D,C,121.8177632951752 29.95400256789684
49,636018994,1704073864,1704169832,299,50,208652,E,D,122.07685838333425 29.893054494052702
50,256742000,1679706253,1679790886,225,37,54376,A,C,121.97377818306916 29.945100713933336
51,311000475,1682227745,1682382582,295,46,95452,A,C,122.09094289999453 29.897187190163223
52,563157300,1702029872,1702097955,134,22,11424,B,A,121.93228463787132 29.940084640162464
53,636022175,1681906358,1681933310,172,27,22750,B,A,121.83557254458088 29.946175822681994
54,563157400,1685150470,1685200559,135,18,8523,B,A,121.92909140408368 29.938775522735195
55,477400900,1693843347,1693875683,134,20,8732,B,A,121.92151130212007 29.93412576257949
56,538004975,1694056745,1694415352,281,44,82005,A,C,122.09094289999453 29.897187190163223
57,352402000,1697346515,1697507033,333,60,313918,D,C,121.9900784144446 29.92800063526856
58,373457000,1684035915,1684078559,302,43,79423,B,A,122.02107120092448 29.778912029292396
59,477893900,1703980668,1704064394,148,24,13281,B,A,121.92337754450146 29.91836008290917
60,563034800,1705188816,1705271194,330,48,132791,B,A,122.03704830124349 29.893930377836373
61,477625100,1683351531,1683519296,183,32,46238,C,B,121.74391419091693 29.98181953364116
62,563129600,1688088150,1688129269,172,28,21972,B,A,121.92547188203457 29.936120717921202
63,229949000,1698933085,1698987217,172,27,21508,B,A,121.83557254458088 29.946175822681994
64,370071000,1702866233,1702948593,254,43,115297,E,D,122.07685838333425 29.893054494052702
65,636017724,1690441830,1690472751,172,27,21663,B,A,121.84116957510483 29.944137794036124
66,564995000,1698224294,1698275320,285,40,63400,B,A,121.86442501839048 29.938071272210003
67,566510000,1697615298,1697701489,259,37,57830,B,A,121.84116957510483 29.944137794036124
68,440375000,1675656292,1675685601,148,23,12631,B,A,121.92909140408368 29.938775522735195
69,477462300,1704948961,1705116242,333,60,318506,D,C,121.9900784144446 29.92800063526856
70,319468000,1701923744,1701988969,177,31,37090,C,B,121.75439821138373 29.979150371202415
71,246249000,1691736271,1691829995,115,16,6750,A,B,121.9561103968495 29.95190766488247
72,440892000,1699406628,1699493396,91,14,3551,C,B,121.74526834273715 29.975417393334514
73,477157400,1701100263,1701178801,400,59,198485,B,A,122.02107120092448 29.778912029292396
74,352002265,1693619841,1693655670,122,22,8018,B,A,121.86670274091357 29.937366869184032
75,538005016,1703394448,1703556596,134,23,14968,D,C,122.11536286626986 29.9081121196694
76,477967300,1690072115,1690124308,172,28,21196,B,A,121.92547188203457 29.936120717921202
77,440133000,1693888832,1693975540,101,16,5526,C,B,121.89581318351006 29.93222177093501
78,636022879,1687395191,1687479907,366,51,204748,B,A,122.05279860785562 29.890331949101153
79,441656000,1692932843,1693022777,89,15,3970,C,B,121.89906923112821 29.93256276320894
80,374728000,1698218410,1698281219,97,17,3994,A,B,121.8960833011353 29.93290032975045
81,228079700,1675663409,1675755945,330,60,320350,D,C,121.99610422984635 29.92340472293356
82,352402000,1693293575,1693445600,333,60,313918,D,C,121.8177632951752 29.95400256789684
83,636092997,1691544779,1691576561,174,27,23350,B,A,121.87415299792524 29.935347915226927
84,538007028,1687307972,1687411453,225,36,54630,A,C,121.97377818306916 29.945100713933336
85,413434150,1698365751,1698451287,100,15,3034,A,B,121.89868694105951 29.931472410600644
86,538007486,1673946578,1673987987,294,32,64220,B,A,121.83825180579714 29.945235140108068
87,636093216,1692860219,1693012074,142,20,12090,C,B,121.9561103968495 29.95190766488247
88,538006892,1673656635,1673672448,160,25,25196,C,B,121.77782813498385 29.974398546735802
89,403645000,1680668357,1680764055,183,35,55202,C,B,121.74391419091693 29.98181953364116
90,538003782,1705409933,1705516670,290,45,169126,E,D,121.88299170323923 29.936601974988143
91,636092869,1683477185,1683677809,240,32,47266,B,A,122.04954154331483 29.890458695384908
92,219630000,1673136084,1673303403,399,60,214121,B,A,122.04040625503215 29.89264034445189
93,356946000,1698950896,1698990289,300,40,97019,B,A,122.04040625503215 29.89264034445189
94,441210000,1704618224,1704755374,134,21,14227,C,B,121.89581318351006 29.93222177093501
95,477887200,1682289175,1682345183,186,35,37504,B,A,121.92909140408368 29.938775522735195
96,636017867,1675293183,1675402528,398,59,222676,B,A,122.0464197431265 29.8909733510863
97,356189000,1673899156,1674007412,293,40,72370,B,A,121.86670274091357 29.937366869184032
98,416065000,1703468587,1703634854,149,24,19999,C,B,121.8960833011353 29.93290032975045
99,636019386,1691983346,1692155245,333,60,319911,D,C,121.81345119675835 29.956549406214588
100,311000375,1686030642,1686105785,226,36,54656,A,C,121.97377818306916 29.945100713933336
101,352978162,1698043004,1698130270,96,15,3143,A,B,121.89868694105951 29.931472410600644
102,370569000,1675515931,1675540858,148,23,13719,B,A,122.04040625503215 29.89264034445189
103,566358000,1691559083,1691652703,300,48,187888,E,D,121.8854311014227 29.935859473467904
104,636019985,1679903365,1680002699,330,48,132604,B,A,121.83278587017914 29.947227829201804
105,235117932,1686857112,1686977485,292,45,179444,E,D,121.88299170323923 29.936601974988143
106,440287000,1702801695,1702837310,294,32,65002,B,A,121.84116957510483 29.944137794036124
107,636022175,1705879628,1705939331,172,27,22750,B,A,121.83557254458088 29.946175822681994
108,413329850,1673838054,1673885340,145,23,12696,B,A,121.92337754450146 29.91836008290917
109,412474590,1706145325,1706227826,110,18,4378,A,B,121.89581318351006 29.93222177093501
110,477158400,1695185232,1695264867,289,45,149999,E,D,122.07685838333425 29.893054494052702
111,370854000,1684041545,1684222211,160,27,25982,C,B,121.9529721578593 29.94995541645756
112,477017500,1698464336,1698635500,183,32,46471,C,B,121.75109782011569 29.9804931127261
113,525109011,1699146659,1699255718,100,17,3774,A,B,121.8960833011353 29.93290032975045
114,440037000,1704333603,1704429291,96,15,3197,A,B,121.89906923112821 29.93256276320894
115,636014629,1686318425,1686423384,292,45,176403,E,D,121.88299170323923 29.936601974988143
116,636012254,1701962314,1702006763,275,40,68615,B,A,121.83825180579714 29.945235140108068
117,636020572,1697265443,1697268499,292,45,178978,E,D,122.09094289999453 29.897187190163223
118,636021775,1683080435,1683162104,110,17,6775,A,B,121.8960833011353 29.93290032975045
119,477348700,1703482648,1703557352,148,23,13295,B,A,122.03102823282664 29.89508922632821
120,249819000,1678518203,1678518884,364,46,131292,B,A,122.02459458045499 29.78192432924778
121,538002793,1686428359,1686631270,190,32,58811,E,D,121.88299170323923 29.936601974988143
122,636017006,1687901316,1687949286,294,33,67640,B,A,122.04040625503215 29.89264034445189
123,441375000,1688284140,1688367899,121,20,12909,C,B,121.9529721578593 29.94995541645756
124,477832500,1682730306,1682887219,367,48,144179,B,A,122.00991809253446 29.771098138093954
125,440266000,1692601590,1692773344,336,60,299981,D,C,121.81345119675835 29.956549406214588
126,477346700,1702013891, None,128,20,13083,C,B,121.74391419091693 29.98181953364116
127,412380870,1682388677,1682500573,84,12,2277,C,B,121.97812002297549 29.939168019254215
128,566828000,1705410679,1705458253,259,37,57830,B,A,121.86442501839048 29.938071272210003
129,241431000,1705124415,1705336632,292,45,179445,E,D,121.88299170323923 29.936601974988143
130,416047000,1674904906,1674946814,191,28,21008,B,A,121.93228463787132 29.940084640162464
131,416067000,1682050394,1682223792,149,24,19999,C,B,121.89906923112821 29.93256276320894
132,440278000,1698174520,1698214901,172,27,21860,B,A,121.84116957510483 29.944137794036124
133,256381000,1701705381,1701758378,183,36,38897,B,A,121.92909140408368 29.938775522735195
134,636020475,1686225314,1686313444,300,40,81171,B,A,122.05636332082932 29.890401487700096
135,220413000,1689926630,1690020756,367,42,115700,B,A,122.05279860785562 29.890331949101153
136,416072000,1674442775,1674616033,149,24,19999,C,B,121.89906923112821 29.93256276320894
137,374302000,1684749279,1684792533,137,25,12419,B,A,121.92909140408368 29.938775522735195
138,219027758,1675825562,1675862964,172,32,27550,B,A,122.06350371165705 29.891022988210633
139,477810400,1675924739,1676080016,226,37,54747,A,C,121.97377818306916 29.945100713933336
140,566642000,1692669496,1692743018,259,37,57830,B,A,121.86670274091357 29.937366869184032
141,413215160,1690694823,1690741561,171,27,24124,B,A,122.00491060230848 29.76673611935694
142,416072000,1677978459,1678068315,149,24,19999,C,B,121.89581318351006 29.93222177093501
143,477629800,1701147707,1701303468,183,32,49999,D,C,121.75109782011569 29.9804931127261
144,441652000,1681789268,1681956977,102,17,6012,D,C,121.73874655338956 29.973492436335484
145,566848000,1674629535,1675408309,333,60,299989,D,C,121.8177632951752 29.95400256789684
146,636022963,1690614917,1690720949,399,61,225219,B,A,121.92547188203457 29.936120717921202
147,636019174,1684354141,1684499880,400,59,199489,B,A,122.01772291936598 29.776682898612826
148,636014699,1690279519,1690304024,189,30,30340,B,A,121.92909140408368 29.938775522735195
149,356369000,1702948199,1703028155,186,36,37621,B,A,121.83557254458088 29.946175822681994
150,441421000,1684790062,1684827141,196,32,37200,B,A,121.93228463787132 29.940084640162464
151,229937000,1702804231,1702818759,170,28,23552,B,A,122.04040625503215 29.89264034445189
152,209594000,1703069346,1703106989,148,24,13720,B,A,122.06350371165705 29.891022988210633
153,440146000,1693873655, None,100,18,4867,A,B,121.89906923112821 29.93256276320894
154,636019987,1676537107,1676682890,183,32,49314,C,B,121.89906923112821 29.93256276320894
155,538009208,1703228481,1703260096,146,23,13709,B,A,122.05279860785562 29.890331949101153
156,636022056,1676600332,1676684213,179,32,45286,C,B,121.75439821138373 29.979150371202415
157,374176000,1691488793,1691628210,183,32,46308,C,B,121.75439821138373 29.979150371202415
158,636016112,1706577355,1706765238,115,16,7410,A,B,121.74664956036302 29.981807064148477
159,220497000,1682834560,1682912159,398,56,174239,B,A,122.04040625503215 29.89264034445189
160,636018956,1681633800,1681803444,299,47,187335,E,D,122.07685838333425 29.893054494052702
161,477237600,1695106648,1695186982,133,22,13703,C,B,121.78323817164318 29.97243550629892
162,636017435,1704350602,1704478874,400,59,221354,B,A,122.05636332082932 29.890401487700096
163,636021095,1684456874,1684492420,146,23,13703,B,A,121.84116957510483 29.944137794036124
164,477159500,1676439719,1676599235,333,60,310970,D,C,121.99610422984635 29.92340472293356
165,563109200,1679712403,1679758925,186,36,37511,B,A,121.83825180579714 29.945235140108068
166,477692700,1686742842,1686794475,147,23,13266,B,A,122.03102823282664 29.89508922632821
167,477629800,1676602858,1676770223,183,32,49999,D,C,121.75439821138373 29.979150371202415
168,538006613,1682230669,1682396659,336,60,299999,D,C,121.81345119675835 29.956549406214588
169,636022056,1693722526,1693894116,179,32,45286,C,B,121.75109782011569 29.9804931127261
170,416067000,1688532701,1688699341,149,24,19999,C,B,121.89906923112821 29.93256276320894
171,219031418,1704625154,1704724079,347,43,110387,B,A,122.06000013409714 29.890552673105862
172,403503000,1680848564,1680924019,183,32,46195,C,B,121.78323817164318 29.97243550629892
173,370121000,1673863863,1674001190,400,59,199692,B,A,122.02107120092448 29.778912029292396
174,538010253,1703994759,1704081912,134,20,14383,C,B,121.89581318351006 29.93222177093501
175,215755000,1689296706,1689473949,299,46,93535,A,C,122.09094289999453 29.897187190163223
176,636016112,1677025717,1677134831,115,16,7410,A,B,121.9561103968495 29.95190766488247
177,477311600,1706065720,1706098792,0,0,49971,B,A,122.0464197431265 29.8909733510863
178,636014557,1694706953,1694779562,299,40,85869,B,A,121.83278587017914 29.947227829201804
179,533170482,1687908694,1687945568,154,25,16696,B,A,121.92547188203457 29.936120717921202
180,351674000,1675479175,1675512318,137,25,12484,B,A,121.92547188203457 29.936120717921202
181,229062000,1693474558,1693621119,290,45,169234,E,D,121.88299170323923 29.936601974988143
182,525100545,1684463811,1684537188,97,16,3844,A,B,121.8960833011353 29.93290032975045
183,403513001,1702890596,1703033664,183,32,45544,C,B,121.78323817164318 29.97243550629892
184,636023074,1706367614,1706415468,238,39,62890,B,A,122.03102823282664 29.89508922632821
185,447305000,1673243616,1673585188,333,60,323514,D,C,121.8177632951752 29.95400256789684
186,374766000,1706302492,1706456014,396,59,221517,B,A,122.05636332082932 29.890401487700096
187,413472910,1672875707,1672961246,119,19,5562,A,B,121.89868694105951 29.931472410600644
188,538005614,1684804204,1684886261,226,37,53752,A,C,121.97377818306916 29.945100713933336
189,440088000,1700378007,1700435095,172,27,22426,B,A,121.83278587017914 29.947227829201804
190,371603000,1703466909,1703553809,100,18,5202,A,B,121.89868694105951 29.931472410600644
191,228427800,1678517096,1678678442,336,60,299999,D,C,121.81345119675835 29.956549406214588
192,372956000,1704593296,1704694426,174,28,35058,C,B,121.75439821138373 29.979150371202415
193,538003351,1694926474,1695105424,315,50,121910,A,C,122.09094289999453 29.897187190163223
194,477266100,1683706307,1683782375,93,15,3992,C,B,121.75102788409284 29.976417555460966
195,477708900,1699407916,1699599015,333,60,307645,D,C,121.99610422984635 29.92340472293356
196,416040000,1673816451,1673851274,211,33,36972,B,A,122.03102823282664 29.89508922632821
197,477887200,1697836477,1697865745,186,35,37504,B,A,121.93228463787132 29.940084640162464
198,373024000,1675395312,1675782702,255,43,107235,E,D,121.88299170323923 29.936601974988143
199,256169000,1705979784,1706081786,300,49,116422,B,A,122.02459458045499 29.78192432924778
200,636020254,1684957394,1684997417,196,32,37200,B,A,121.84116957510483 29.944137794036124
201,538007628,1698705496,1698740370,260,32,50661,B,A,121.83825180579714 29.945235140108068
202,538005614,1692425860,1692579488,226,37,53752,A,C,121.97377818306916 29.945100713933336
203,636015004,1676797075,1676874115,155,23,23432,C,B,121.77782813498385 29.974398546735802
204,636015950,1692355085,1692402085,255,38,63010,B,A,121.83825180579714 29.945235140108068
205,441712000,1677036170,1677126771,109,18,6614,C,B,121.89581318351006 29.93222177093501
206,310584000,1675746344,1675919861,290,45,86125,A,C,122.09094289999453 29.897187190163223
207,441375000,1693116140,1693200875,121,20,12909,C,B,121.9561103968495 29.95190766488247
208,538008499,1702192501,1702270253,183,32,49298,C,B,121.74391419091693 29.98181953364116
209,538009680,1690615004,1690615524,230,37,58243,A,C,121.78323817164318 29.97243550629892
210,440033000,1700899849,1701040055,134,20,14298,C,B,121.89906923112821 29.93256276320894
211,256095000,1706166653,1706237733,276,40,67728,B,A,122.02459458045499 29.78192432924778
212,636021471,1688743444,1688857369,364,51,162524,B,A,122.06000013409714 29.890552673105862
213,538009929,1691656238,1691710230,172,27,22256,B,A,121.83557254458088 29.946175822681994
214,636092840,1693295375,1693344280,155,25,17281,B,A,122.00749578533595 29.76871274276176
215,563087600,1702077067,1702191634,186,36,37621,B,A,121.83557254458088 29.946175822681994
216,477851200,1672949460,1673033275,255,43,114601,E,D,121.88299170323923 29.936601974988143
217,538010825,1702976339,1703206801,292,45,180491,E,D,121.88299170323923 29.936601974988143
218,477682400,1681521572,1681600902,92,14,3560,C,B,121.75102788409284 29.976417555460966
219,416072000,1680835771,1680998431,149,24,19999,C,B,121.89906923112821 29.93256276320894
220,636019631,1702425166,1702535786,299,50,208586,E,D,121.8854311014227 29.935859473467904
221,205783000,1697694407,1697842967,292,45,175620,E,D,121.88299170323923 29.936601974988143
222,353267000,1684245000,1684371017,292,45,180705,E,D,121.88299170323923 29.936601974988143
223,232031320,1702913464,1703094307,366,51,158097,B,A,122.06000013409714 29.890552673105862
224,240585000,1674626991,1674909194,289,45,171810,E,D,121.88299170323923 29.936601974988143
225,431027000,1681609020,1681706237,304,40,80220,B,A,121.86982971079169 29.93642695035784
226,477218900,1683330617,1683384895,145,22,12613,B,A,121.92337754450146 29.91836008290917
227,636019734,1692509557,1692599208,240,38,98681,E,D,121.88299170323923 29.936601974988143
228,416068000,1694748590,1694908411,149,24,19999,C,B,121.89906923112821 29.93256276320894
229,413526060,1685670087,1685765633,146,23,13307,D,C,122.11536286626986 29.9081121196694
230,248052000,1672498710,1672548170,364,46,131228,B,A,122.01299469099648 29.772993330553064
231,440149000,1685695756,1685757691,110,18,6473,C,B,121.77782813498385 29.974398546735802
232,477002300,1681039988,1681084947,172,28,21741,B,A,121.84116957510483 29.944137794036124
233,477142500,1700704018,1700793677,159,27,25273,C,B,121.78323817164318 29.97243550629892
234,566941000,1687156627,1687240655,223,30,39611,B,A,121.92151130212007 29.93412576257949
235,636019698,1702274247,1702322478,175,27,23395,B,A,121.87415299792524 29.935347915226927
236,441872000,1698485836,1698533606,146,23,11898,B,A,121.92151130212007 29.93412576257949
237,413472910,1691212069,1691288139,119,19,5562,A,B,121.8960833011353 29.93290032975045
238,566712000,1705379404,1705465538,96,16,3147,A,B,121.89868694105951 29.931472410600644
239,477594500,1699081175,1699343290,183,34,46178,D,C,122.11536286626986 29.9081121196694
240,319488000,1697879027,1697939214,177,31,36902,C,B,121.75439821138373 29.979150371202415
241,413472910,1688510255,1688603815,119,19,5562,A,B,121.8960833011353 29.93290032975045
242,636019700,1678837526,1678865218,186,36,37581,B,A,121.83825180579714 29.945235140108068
243,413157000,1691221284,1691461607,330,60,297491,D,C,121.9900784144446 29.92800063526856
244,374728000,1702439106,1702508875,97,17,3994,A,B,121.8960833011353 29.93290032975045
245,477692700,1682095052,1682157036,147,23,13266,B,A,122.03102823282664 29.89508922632821
246,212347000,1684895163,1684927055,304,40,80059,B,A,121.92547188203457 29.936120717921202
247,413472910,1692065263,1692155248,119,19,5562,A,B,121.8960833011353 29.93290032975045
248,431710000,1703565777,1703631910,333,46,95660,B,A,121.86014084053872 29.939446239013918
249,416068000,1678770258,1679452159,149,24,19999,C,B,121.89868694105951 29.931472410600644
250,538004634,1687595523,1687750172,333,60,316373,D,C,121.99610422984635 29.92340472293356
251,477665500,1675120552,1675207768,112,16,5848,D,C,122.11536286626986 29.9081121196694
252,477317300,1702084145,1702191528,295,46,180407,E,D,121.88299170323923 29.936601974988143
253,477698700,1688170626,1688270460,337,48,115173,B,A,122.06000013409714 29.890552673105862
254,636022814,1698581416,1698652951,172,28,24286,B,A,122.02459458045499 29.78192432924778
255,355048000,1693207081,1693282396,146,24,19991,C,B,121.78323817164318 29.97243550629892
256,477947600,1681617906,1681643531,261,32,50006,B,A,122.04954154331483 29.890458695384908
257,414467000,1696907977,1697158647,332,60,320557,D,C,121.97053870035003 29.948500300623
258,257525000,1701999734,1702079015,183,32,49042,C,B,121.75439821138373 29.979150371202415
259,563193600,1687433383,1687447336,183,36,38921,B,A,121.92151130212007 29.93412576257949
260,432809000,1691485767,1691644598,182,32,45955,D,C,121.80463577215305 29.962969225989433
261,255805588,1700642425,1700690802,275,40,73083,B,A,121.84116957510483 29.944137794036124
262,373215000,1702531476,1702884048,225,38,54684,A,C,121.97377818306916 29.945100713933336
263,538009040,1684823745,1684979336,330,60,297007,D,C,121.99610422984635 29.92340472293356
264,256206000,1676774068,1676864465,110,20,7645,D,C,122.11536286626986 29.9081121196694
265,477293900,1683489740,1683679339,335,49,121805,B,A,122.01299469099648 29.772993330553064
266,440037000,1700957105,1701041553,96,15,3197,A,B,121.89868694105951 29.931472410600644
267,477266100,1673074226,1673146298,93,15,3992,C,B,121.75102788409284 29.976417555460966
268,636016958,1704265528,1704334870,225,32,78184,E,D,122.07685838333425 29.893054494052702
269,440550000,1677938069,1677964362,148,23,12664,B,A,122.0464197431265 29.8909733510863
270,416072000,1676686157,1676856172,149,24,19999,C,B,121.89906923112821 29.93256276320894
271,229465000,1691902061,1692011272,366,51,160194,B,A,122.00991809253446 29.771098138093954
272,567318000,1677197031,1677256836,195,32,30832,B,A,121.83278587017914 29.947227829201804
273,477173200,1678341266,1678508398,330,60,297183,D,C,121.81345119675835 29.956549406214588
274,413529090,1706404694,1706500594,118,18,5474,A,B,121.89906923112821 29.93256276320894
275,309368000,1705038792,1705282634,239,42,105363,D,C,121.99610422984635 29.92340472293356
276,414696000,1681100203,1681179078,111,18,4504,A,B,121.89906923112821 29.93256276320894
277,477652900,1689742866,1689906763,295,46,180000,E,D,122.07685838333425 29.893054494052702
278,563082200,1675924224,1676010098,180,28,37328,C,B,121.9529721578593 29.94995541645756
279,477154300,1693081349,1693220345,330,48,132736,B,A,122.03704830124349 29.893930377836373
280,636015350,1697252605,1697486775,292,45,179700,E,D,121.88299170323923 29.936601974988143
281,416068000,1684978138,1685249597,149,24,19999,C,B,121.89906923112821 29.93256276320894
282,538010013,1691554377,1691738864,330,60,299988,D,C,121.99610422984635 29.92340472293356
283,341879000,1688271840,1688542202,169,25,46764,C,B,121.75439821138373 29.979150371202415
284,477963900,1677486551,1677712967,147,24,19455,C,B,121.75109782011569 29.9804931127261
285,477047900,1689922246,1690153787,183,33,49999,C,C,121.75439821138373 29.979150371202415
286,440151000,1702469836,1702542327,304,40,80866,B,A,121.86670274091357 29.937366869184032
287,219629000,1672465376,1672628828,399,60,214121,B,A,122.04954154331483 29.890458695384908
288,477904400,1706403122,1706507555,114,18,8811,C,B,121.9561103968495 29.95190766488247
289,228394900,1694515257,1694704780,400,62,220868,B,A,122.02107120092448 29.778912029292396
290,353810000,1706237381,1706315276,97,16,3828,A,B,121.89581318351006 29.93222177093501
291,353172000,1698552700,1698737304,180,32,44998,D,C,121.81345119675835 29.956549406214588
292,574004040,1706508347,1706576525,97,16,3856,A,B,121.89906923112821 29.93256276320894
293,413472910,1692600671,1692686543,119,19,5562,A,B,121.8960833011353 29.93290032975045
294,311000725,1682226517,1682298475,142,23,11817,B,A,122.03102823282664 29.89508922632821
295,566642000,1673454125,1673568389,259,37,57830,B,A,121.86670274091357 29.937366869184032
296,563498000,1700631668,1700651811,207,30,34183,B,A,121.92547188203457 29.936120717921202
297,370341000,1698471628,1698598233,366,51,190734,B,A,122.06000013409714 29.890552673105862
298,414468000,1682586635,1682822535,331,60,320899,D,C,121.97053870035003 29.948500300623
299,538004167,1699674520, None,174,28,34862,C,B,121.75109782011569 29.9804931127261
300,566932000,1693185813,1693269926,183,32,46639,C,B,121.75439821138373 29.979150371202415
301,440022000,1702785915,1702837564,259,32,52316,B,A,121.86670274091357 29.937366869184032
302,413468630,1705468221,1705551530,100,15,3252,A,B,121.89868694105951 29.931472410600644
303,373388000,1704945453,1705025884,245,43,119454,E,D,121.88299170323923 29.936601974988143
304,431787000,1690158247,1690289606,400,59,196384,B,A,121.92547188203457 29.936120717921202
305,563082200,1703741914,1703786482,180,28,37328,C,B,121.97812002297549 29.939168019254215
306,477738700,1683454066,1683497286,261,33,50336,B,A,122.00190326744374 29.764757824193353
307,636092998,1690171620,1690208051,175,27,23350,B,A,122.06350371165705 29.891022988210633
308,357847000,1675729301,1675822473,189,32,55404,E,D,122.07685838333425 29.893054494052702
309,636017848,1678449014,1678593375,295,46,180156,E,D,121.88299170323923 29.936601974988143
310,563115100,1697416673,1697451294,170,28,23465,B,A,121.86982971079169 29.93642695035784
311,373672000,1703618701,1703638593,99,18,6099,B,A,122.00190326744374 29.764757824193353
312,353241000,1676248958,1676286755,183,28,24244,B,A,122.04040625503215 29.89264034445189
313,357899000,1701835173,1701986162,292,45,182883,E,D,121.8854311014227 29.935859473467904
314,440099000,1699929847,1700011512,293,45,179407,E,D,122.07685838333425 29.893054494052702
315,403640000,1677900964,1678068503,183,35,55202,C,B,121.75439821138373 29.979150371202415
316,564246000,1690035628,1690092795,210,32,38975,B,A,121.83825180579714 29.945235140108068
317,636014699,1681349437,1681351630,189,30,30340,B,A,121.93228463787132 29.940084640162464
318,441388000,1701115478,1701153745,145,23,12559,B,A,121.92909140408368 29.938775522735195
319,538009831,1683430104,1683513028,293,40,72968,B,A,122.03102823282664 29.89508922632821
320,355784000,1693280282,1693447804,228,40,72910,D,B,121.75439821138373 29.979150371202415
321,477627300,1675121594,1675173838,294,32,67170,B,A,121.86982971079169 29.93642695035784
322,566376000,1678334870,1678426537,100,16,4318,D,C,122.11536286626986 29.9081121196694
323,636018205,1689045775,1689306376,274,48,156917,D,C,121.8177632951752 29.95400256789684
324,566376000,1684377641,1684460465,100,16,4318,D,C,122.11536286626986 29.9081121196694
325,413526060,1683878986,1684019380,146,23,13307,D,C,122.11536286626986 29.9081121196694
326,477266100,1688715927,1688793843,93,15,3992,C,B,121.75102788409284 29.976417555460966
327,563042200,1687424657,1687515846,353,54,178257,B,A,122.0464197431265 29.8909733510863
328,636021047,1687683006,1687922789,339,60,298981,D,C,121.81345119675835 29.956549406214588
329,636014220,1693393210,1693510641,349,46,116294,B,A,122.06000013409714 29.890552673105862
330,477726100,1690338711,1690443829,292,45,175868,E,D,121.88299170323923 29.936601974988143
331,477833600,1673059461,1673162487,292,45,182090,E,D,122.07685838333425 29.893054494052702
332,215966000,1703544647,1703619773,366,51,159614,B,A,122.02459458045499 29.78192432924778
333,256206000,1678161820,1678242967,110,20,7645,D,C,122.11536286626986 29.9081121196694
334,636021163,1687772653,1687854719,227,37,59017,A,C,121.97377818306916 29.945100713933336
335,563078200,1698304313,1698401142,353,54,178257,B,A,122.04040625503215 29.89264034445189
336,636022920,1696979140,1697065369,399,61,281456,B,A,122.04040625503215 29.89264034445189
337,311000377,1700785168,1700785469,225,36,54561,A,B,121.78323817164318 29.97243550629892
338,538004558,1683693984,1683871292,140,21,14484,D,C,122.11536286626986 29.9081121196694
339,249783000,1692531770,1692613450,330,48,134731,B,A,122.03704830124349 29.893930377836373
340,374670000,1687506228,1687674330,182,32,44999,D,B,121.75109782011569 29.9804931127261
341,352002606,1693118956,1693293409,226,36,54707,A,C,121.97377818306916 29.945100713933336
342,477624100,1683955004,1684016793,366,48,153514,B,A,121.83278587017914 29.947227829201804
343,235074593,1672841875,1672943551,287,45,170958,E,D,121.88299170323923 29.936601974988143
344,235102681,1672672051,1672757928,335,46,103891,B,A,122.00491060230848 29.76673611935694
345,636020936,1677159565,1677216858,294,32,67033,B,A,122.04954154331483 29.890458695384908
346,477168900,1677376059,1677463326,400,59,197087,B,A,122.02107120092448 29.778912029292396
347,563017700,1682137502,1682221647,109,20,7996,D,C,122.11536286626986 29.9081121196694
348,636021944,1685940081,1686101408,274,48,149993,D,C,121.8177632951752 29.95400256789684
349,477895900,1703549376,1703589541,189,32,35406,B,A,121.86982971079169 29.93642695035784
350,440022000,1688673570,1688712353,259,32,52316,B,A,121.87415299792524 29.935347915226927
351,636018743,1675747715,1675906359,274,50,161724,D,C,121.8177632951752 29.95400256789684
352,563041500,1685517396,1685586973,172,28,22171,B,A,121.86442501839048 29.938071272210003
353,440205000,1705558460,1705731341,116,20,11260,C,B,121.89581318351006 29.93222177093501
354,477915200,1700622592,1700670308,148,23,13281,B,A,122.02459458045499 29.78192432924778
355,477478800,1691804302,1691857059,368,51,150753,B,A,121.92547188203457 29.936120717921202
356,533132161,1673368100,1673394433,172,28,23146,B,A,121.83557254458088 29.946175822681994
357,440564000,1692318183,1692402592,97,17,3983,A,B,121.89906923112821 29.93256276320894
358,636092188,1686317039,1686410480,366,51,190668,B,A,122.05636332082932 29.890401487700096
359,636018610,1696827442,1697008777,183,32,49770,C,C,121.81345119675835 29.956549406214588
360,413280820,1677200603,1677256408,128,21,8407,B,A,121.92225542141885 29.921236299120544
361,636016179,1689776555,1689827184,172,27,21732,B,A,122.00749578533595 29.76871274276176
362,416020000,1677201349,1677246868,168,27,18618,B,A,121.92909140408368 29.938775522735195
363,232031388,1698880428,1699028614,292,45,175243,E,D,121.88299170323923 29.936601974988143
364,352269000,1689919374,1690118593,400,62,254042,B,A,122.0464197431265 29.8909733510863
365,538007693,1685355444,1685428591,291,45,180503,E,D,122.07685838333425 29.893054494052702
366,477932700,1674184205,1674356713,330,60,296951,D,C,121.8177632951752 29.95400256789684
367,241287000,1672551800,1672707513,294,44,89670,A,C,122.09094289999453 29.897187190163223
368,636020823,1700880652,1701049128,183,32,49800,C,B,121.75109782011569 29.9804931127261
369,636021338,1691309083,1691426534,366,51,175897,B,A,122.04954154331483 29.890458695384908
370,566376000,1698636245,1698726462,100,16,4318,D,C,122.11536286626986 29.9081121196694
371,563184000,1672639367,1672704119,96,16,3191,A,B,121.89906923112821 29.93256276320894
372,352346000,1700816261,1700976408,291,45,86170,A,C,122.09094289999453 29.897187190163223
373,636020542,1703502913,1703554677,400,61,255288,B,A,122.04040625503215 29.89264034445189
374,212714000,1684025547,1684073019,260,32,50632,B,A,121.84116957510483 29.944137794036124
375,636017724,1690441830,1690472751,172,27,21663,B,A,121.84116957510483 29.944137794036124
376,440187000,1685693161,1685772417,120,20,12922,C,B,121.78323817164318 29.97243550629892
377,440391000,1675217750,1675297016,91,14,3584,C,B,121.97812002297549 29.939168019254215
378,440622000,1693721680,1693803971,130,20,12866,C,B,121.78323817164318 29.97243550629892
379,636018729,1704546177,1704594624,215,30,38096,B,A,122.06350371165705 29.891022988210633
380,636015506,1686555550,1686712822,366,48,155222,B,A,122.0464197431265 29.8909733510863
381,538004949,1693968492, None,292,45,179134,E,D,122.07685838333425 29.893054494052702
382,636093035,1687846515,1687940612,115,16,7325,A,B,121.9561103968495 29.95190766488247
383,414215000,1689477550,1689989835,333,60,308079,D,C,121.8177632951752 29.95400256789684
384,311001157,1706158027,1706412342,229,37,55206,A,C,121.74391419091693 29.98181953364116
385,352001378,1697854214,1698029568,299,46,95606,A,C,122.09094289999453 29.897187190163223
386,311000725,1685603081,1685703297,142,23,11817,B,A,122.03102823282664 29.89508922632821
387,371218000,1692667559,1692790715,366,51,162867,B,A,122.05636332082932 29.890401487700096
388,413472910,1699339875,1699423524,119,19,5562,A,B,121.8960833011353 29.93290032975045
389,413377080,1695190145,1695288506,97,15,3913,C,B,121.9529721578593 29.94995541645756
390,538008976,1687416829,1687678504,333,60,299337,D,C,121.81345119675835 29.956549406214588
391,636019821,1687560370,1687625764,186,36,37581,B,A,121.83825180579714 29.945235140108068
392,371513000,1703983746,1704068739,230,32,53971,A,C,121.97377818306916 29.945100713933336
393,369296000,1689550001,1689660247,217,32,38261,B,A,121.84116957510483 29.944137794036124
394,564995000,1689787494,1689840358,285,40,63400,B,A,121.87415299792524 29.935347915226927
395,636018276,1705568812,1705712532,314,48,119159,B,A,122.03704830124349 29.893930377836373
396,441712000,1692772002,1693119900,109,18,6614,C,B,121.89581318351006 29.93222177093501
397,414208000,1680671762,1680838901,333,60,308013,D,C,121.9900784144446 29.92800063526856
398,352001261,1700454125,1700500520,195,33,33541,B,A,122.00749578533595 29.76871274276176
399,636020332,1694960465,1695075133,366,51,160927,B,A,121.92547188203457 29.936120717921202
400,212539000,1704606692,1704733272,190,32,58593,E,D,121.8854311014227 29.935859473467904
401,414713000,1691363212,1691439652,255,37,67040,B,A,122.00991809253446 29.771098138093954
402,352001714,1688901168,1688977023,119,18,8714,C,B,121.75102788409284 29.976417555460966
403,372072000,1694913035,1696727238,96,15,3200,A,B,121.89868694105951 29.931472410600644
404,256906000,1701908670,1702076742,333,60,320137,D,C,121.9900784144446 29.92800063526856
405,477726100,1697494637,1697682506,292,45,175868,E,D,121.88299170323923 29.936601974988143
406,210804000,1692157691,1692214342,170,28,23574,B,A,121.86670274091357 29.937366869184032
407,477963800,1700529192,1700610449,366,52,155470,B,A,122.00991809253446 29.771098138093954
408,563000700,1672714406,1672785065,335,42,102861,B,A,122.04954154331483 29.890458695384908
409,371937000,1694655093,1694735878,107,17,6485,C,B,121.89581318351006 29.93222177093501
410,636019743,1678782532,1679532076,333,58,307284,D,C,121.99610422984635 29.92340472293356
411,538007028,1698819217,1698970524,225,36,54630,A,C,121.97377818306916 29.945100713933336
412,232015131,1677127468,1677298713,295,46,180323,E,D,122.07685838333425 29.893054494052702
413,538009089,1687240052,1687483804,182,32,46720,C,B,121.74391419091693 29.98181953364116
414,477300200,1704445790,1704608139,300,50,206000,E,D,122.07685838333425 29.893054494052702
415,477856200,1697852995,1698019450,129,22,13707,C,B,121.74391419091693 29.98181953364116
416,563007600,1693271505,1693467949,300,50,209546,E,D,122.07685838333425 29.893054494052702
417,636016378,1688782156,1688957965,300,46,93585,A,C,122.09094289999453 29.897187190163223
418,563098400,1703438272,1703491758,172,28,22081,B,A,122.02459458045499 29.78192432924778
419,477269300,1689657839,1689762151,400,59,198070,B,A,122.02107120092448 29.778912029292396
420,413371050,1702027527,1702109574,91,13,3379,C,B,121.89868694105951 29.931472410600644
421,310542000,1701145087,1701319752,285,44,81997,A,C,122.09094289999453 29.897187190163223
422,636020121,1701503974,1701649749,228,36,54223,A,C,121.9808752760512 29.936644381754785
423,210804000,1686757913,1686817372,170,28,23574,B,A,121.86670274091357 29.937366869184032
424,636020078,1704159725,1704266659,299,46,92969,A,C,122.09094289999453 29.897187190163223
425,477002400,1697436266,1697601499,333,60,318348,D,C,121.99610422984635 29.92340472293356
426,636017848,1687433758,1687564848,295,46,180156,E,D,121.88299170323923 29.936601974988143
427,563071400,1693110726,1693206424,180,28,37250,C,B,121.9529721578593 29.94995541645756
428,355036000,1700811222,1700934001,290,45,174810,E,D,121.88299170323923 29.936601974988143
429,351038000,1672806265,1672843235,186,36,37621,B,A,121.84116957510483 29.944137794036124
430,352001150,1682813227,1682897499,96,15,3124,A,B,121.89906923112821 29.93256276320894
431,416067000,1674351021,1674619058,149,24,19999,C,B,121.89581318351006 29.93222177093501
432,374728000,1703555330,1703633536,97,17,3994,A,B,121.89868694105951 29.931472410600644
433,374204000,1697165518,1697235068,98,16,3805,A,B,121.89906923112821 29.93256276320894
434,636016979,1705309692,1705372685,278,40,67515,B,A,122.03102823282664 29.89508922632821
435,477372800,1698908111,1699079065,336,60,319713,D,C,121.8177632951752 29.95400256789684
436,232045201,1673883017,1674035046,292,45,174999,E,D,121.88299170323923 29.936601974988143
437,373434000,1676459704,1676587589,292,45,179628,E,D,121.88299170323923 29.936601974988143
438,636017849,1699493584,1699601082,295,46,180133,E,D,122.07685838333425 29.893054494052702
439,354690000,1683681997,1683682309,172,27,22398,B,A,122.00190326744374 29.764757824193353
440,416040000,1693790564,1693884614,211,33,36972,B,A,122.02459458045499 29.78192432924778
441,636021831,1704697787,1704746128,212,31,41534,B,A,121.83825180579714 29.945235140108068
442,563133600,1681609452,1681869117,230,36,54966,A,C,121.74391419091693 29.98181953364116
443,477182400,1701453704,1701530596,335,43,101566,B,A,122.00749578533595 29.76871274276176
444,255805849,1684451676,1684508214,185,30,27168,B,A,121.83825180579714 29.945235140108068
445,416072000,1696988225,1697153289,149,24,19999,C,B,121.89906923112821 29.93256276320894
446,636092911,1685025363,1685093608,285,40,71283,B,A,122.00190326744374 29.764757824193353
447,370738000,1702443962,1702522635,183,28,36551,C,B,121.75439821138373 29.979150371202415
448,636092997,1676513926,1676549052,174,27,23350,B,A,121.86982971079169 29.93642695035784
449,414467000,1686527004,1686730566,332,60,320557,D,C,121.97053870035003 29.948500300623
450,416065000,1692866420,1692943018,149,24,19999,C,B,121.8960833011353 29.93290032975045
451,414474000,1692690991,1692852054,333,60,319702,D,C,121.8177632951752 29.95400256789684
452,477017500,1675219078,1675388500,183,32,46471,C,B,121.75439821138373 29.979150371202415
453,563361000,1693840447,1693904226,300,40,84332,B,A,122.00491060230848 29.76673611935694
454,636016304,1673569784,1673670005,292,45,180730,E,D,122.07685838333425 29.893054494052702
455,636092174,1681878046,1681878245,330,60,297345,D,C,121.9900784144446 29.92800063526856
456,355470000,1688895787,1689042217,186,32,49323,C,B,121.75439821138373 29.979150371202415
457,441403000,1703464264,1703512541,261,32,51314,B,A,121.86982971079169 29.93642695035784
458,636091487,1706152762,1706214362,213,32,32949,B,A,121.83278587017914 29.947227829201804
459,477842900,1700824822,1700862299,172,28,24542,B,A,121.92151130212007 29.93412576257949
460,440146000,1702876782,1702958800,100,18,4867,A,B,121.89868694105951 29.931472410600644
461,636014203,1705036603,1705208939,330,60,297934,D,C,121.81345119675835 29.956549406214588
462,477077700,1699610330,1699674315,261,32,49949,B,A,121.83825180579714 29.945235140108068
463,563046600,1701237946,1701406770,333,60,307664,D,C,121.99610422984635 29.92340472293356
464,477002300,1684602948,1684643214,172,28,21741,B,A,121.83825180579714 29.945235140108068
465,319106900,1691987162,1692062907,185,32,38853,C,B,121.75439821138373 29.979150371202415
466,477023100,1673040064,1673208708,292,45,178302,E,D,121.88299170323923 29.936601974988143
467,440146000,1686208647,1686373288,100,18,4867,A,B,121.89868694105951 29.931472410600644
468,440146000,1698974238,1699076703,100,18,4867,A,B,121.89906923112821 29.93256276320894
469,477266100,1686391542,1686470639,93,15,3992,C,B,121.75102788409284 29.976417555460966
470,636018660,1699632989,1699694431,304,40,85760,B,A,122.03704830124349 29.893930377836373
471,440228000,1698394192,1698532700,117,20,11260,C,B,121.9561103968495 29.95190766488247
472,353172000,1705453782,1705707352,180,32,44998,D,C,121.80463577215305 29.962969225989433
473,636022175,1691539215,1691600190,172,27,22750,B,A,121.83825180579714 29.945235140108068
474,477793100,1699675920, None,333,60,318123,D,C,121.9900784144446 29.92800063526856
475,538009693,1697373830,1697425373,147,24,13075,B,A,121.92547188203457 29.936120717921202
476,477302500,1687492379,1687543458,261,32,50595,B,A,121.86014084053872 29.939446239013918
477,477166700,1705102935,1705186278,336,48,119180,B,A,122.00991809253446 29.771098138093954
478,477017500,1684648947,1684739750,183,32,46471,C,B,121.75109782011569 29.9804931127261
479,563211800,1704808265,1704853846,272,43,86388,B,A,122.02459458045499 29.78192432924778
480,413472910,1682404633,1682488078,119,19,5562,A,B,121.8960833011353 29.93290032975045
481,477464800,1700449510,1700493271,141,23,11913,B,A,121.92547188203457 29.936120717921202
482,205657000,1701591905,1701741114,333,60,318477,D,C,121.99610422984635 29.92340472293356
483,636014203,1695371572,1696825156,330,60,297934,D,C,121.8177632951752 29.95400256789684
484,538005832,1698725844,1698872930,292,45,179337,E,D,121.88299170323923 29.936601974988143
485,374728000,1700544908,1700629079,97,17,3994,A,B,121.8960833011353 29.93290032975045
486,477348700,1705287652,1705378141,148,23,13295,B,A,122.03102823282664 29.89508922632821
487,413280820,1705838146,1705882677,128,21,8407,B,A,121.92225542141885 29.921236299120544
488,256206000,1677305695,1677392481,110,20,7645,D,C,122.11536286626986 29.9081121196694
489,356958000,1688356325,1688433766,170,26,33641,C,B,121.77782813498385 29.974398546735802
490,477594900,1686640574,1686671963,189,32,35316,B,A,121.92547188203457 29.936120717921202
491,636014630,1697848910,1697958584,292,45,176536,E,D,121.88299170323923 29.936601974988143
492,563117600,1672735725,1672877880,230,37,55065,A,C,121.97377818306916 29.945100713933336
493,413453650,1676963377,1677036691,143,23,12598,B,A,121.92151130212007 29.93412576257949
494,352898743,1674898337,1675044156,333,60,310984,D,C,121.9900784144446 29.92800063526856
495,533131059,1702890909,1702941509,160,25,15362,B,A,121.93228463787132 29.940084640162464
496,563136800,1683767845,1683861218,295,40,72807,B,A,121.86442501839048 29.938071272210003
497,414044000,1677484063,1677563751,254,43,115066,E,D,121.88299170323923 29.936601974988143
498,440068000,1677581912,1677649505,109,18,6832,C,B,121.89906923112821 29.93256276320894
499,538005440,1687057122,1687134953,96,15,3198,A,B,121.89906923112821 29.93256276320894
500,352002209,1692514759,1692674295,244,42,102946,D,C,121.9900784144446 29.92800063526856
501,636022606,1692089279,1692156531,366,51,204144,B,A,122.05636332082932 29.890401487700096
502,357203000,1689364867,1689423720,254,43,115088,E,D,121.88299170323923 29.936601974988143
503,636017315,1681518401,1681642729,289,45,176996,E,D,121.88299170323923 29.936601974988143
504,373933000,1680331266,1680387270,96,16,3146,A,B,121.89868694105951 29.931472410600644
505,413343290,1693018958,1693109495,119,22,13516,C,B,121.78323817164318 29.97243550629892
506,413472910,1705382144,1705463430,119,19,5562,A,B,121.89581318351006 29.93222177093501
507,241577000,1682055763,1682226632,336,60,319398,D,C,121.9900784144446 29.92800063526856
508,538010305,1700792311,1700888538,225,36,58448,A,C,121.9808752760512 29.936644381754785
509,538005810,1686473065,1686557739,292,45,182511,E,D,122.07685838333425 29.893054494052702
510,257112270,1700037411,1700187439,183,33,38235,C,B,121.9529721578593 29.94995541645756
511,205778000,1683429939,1683513736,292,45,175591,E,D,122.07685838333425 29.893054494052702
512,413395130,1682056292,1682221292,183,32,49982,D,C,121.75439821138373 29.979150371202415
513,441181000,1673063904,1673149290,113,18,8068,C,B,121.89906923112821 29.93256276320894
514,412474590,1696930489,1697011602,110,18,4378,A,B,121.8960833011353 29.93290032975045
515,538010740,1705078815,1705126732,186,35,37407,B,A,121.92909140408368 29.938775522735195
516,477842500,1683682878,1683770048,330,48,132069,B,A,122.05636332082932 29.890401487700096
517,403514001,1704952393,1705117360,183,32,45468,C,B,121.75439821138373 29.979150371202415
518,440111000,1699148482,1699187010,260,32,54344,B,A,121.86442501839048 29.938071272210003
519,356077000,1691615597,1691722688,254,43,115339,E,D,121.88299170323923 29.936601974988143
520,477185400,1676101415,1676243982,128,20,13029,C,B,121.9529721578593 29.94995541645756
521,374666000,1703640347,1703727815,89,14,3999,C,B,121.89581318351006 29.93222177093501
522,413377080,1681805592,1681880260,97,15,3913,C,B,121.9529721578593 29.94995541645756
523,563485000,1691422764,1691458027,213,32,32937,B,A,121.86442501839048 29.938071272210003
524,477699100,1691895244,1692067668,333,60,318329,D,C,121.8177632951752 29.95400256789684
525,477441800,1692169786,1692253489,335,48,121824,B,A,122.00991809253446 29.771098138093954
526,477030700,1681517890,1681575546,366,52,156596,B,A,122.01299469099648 29.772993330553064
527,413310310,1693022132,1693181148,183,33,49842,D,C,121.75439821138373 29.979150371202415
528,353066000,1684254723,1684289541,183,28,24261,B,A,122.02459458045499 29.78192432924778
529,636013698,1702796426,1702832868,269,32,52773,B,A,121.92547188203457 29.936120717921202
530,413381440,1682154303,1682178278,180,32,40510,B,A,121.84116957510483 29.944137794036124
531,565132000,1692999426,1693073507,213,32,32937,B,A,121.87415299792524 29.935347915226927
532,355106000,1685260521,1685332030,211,33,36972,B,A,122.02459458045499 29.78192432924778
533,352001342,1676867767,1676949163,186,32,49999,C,B,121.74391419091693 29.98181953364116
534,220059000,1701194603,1701273148,347,43,109657,B,A,122.04954154331483 29.890458695384908
535,413121000,1682409035,1682580520,330,60,297376,D,C,121.9900784144446 29.92800063526856
536,636015806,1683685499,1683729163,255,37,63010,B,A,121.83825180579714 29.945235140108068
537,440010000,1692163990,1692239862,124,20,12480,C,B,121.75216347350597 29.97666668630832
538,538010075,1699430350,1699664417,134,20,14351,C,B,121.89581318351006 29.93222177093501
539,636020112,1698466538,1698633849,180,32,45282,C,B,121.75439821138373 29.979150371202415
540,441312000,1692341923,1692417755,91,14,3616,C,B,121.75102788409284 29.976417555460966
541,441872000,1705745121,1705791936,146,23,11898,B,A,121.92547188203457 29.936120717921202
542,219027761,1699358951,1699394822,172,32,27553,B,A,121.86982971079169 29.93642695035784
543,413453650,1698139956,1698205508,143,23,12598,B,A,121.92151130212007 29.93412576257949
544,441113000,1687906858,1688004389,123,20,12514,C,B,121.97812002297549 29.939168019254215
545,566318000,1703262511,1703338967,349,45,123137,B,A,122.01299469099648 29.772993330553064
546,218819000,1683847368,1683956225,366,51,190668,B,A,122.06000013409714 29.890552673105862
547,373933000,1701314721,1701386492,96,16,3146,A,B,121.89906923112821 29.93256276320894
548,414469000,1699939463,1700354774,333,60,320775,D,C,121.97053870035003 29.948500300623
549,357843000,1682839136,1682928713,124,20,12488,C,B,121.89581318351006 29.93222177093501
550,538003352,1705548804,1705707388,315,50,107153,A,C,122.09094289999453 29.897187190163223
551,477967900,1702087251,1702275660,333,60,310421,D,C,121.9900784144446 29.92800063526856
552,538009159,1689914665,1690099491,292,45,180657,E,D,121.88299170323923 29.936601974988143
553,357571000,1675741651,1675827110,179,27,35757,C,B,121.89906923112821 29.93256276320894
554,441375000,1682040414,1682129428,121,20,12909,C,B,121.9529721578593 29.94995541645756
555,371169000,1674978785,1675128950,289,45,175569,E,D,122.07685838333425 29.893054494052702
556,356152000,1701743101,1701902703,183,32,49857,C,C,121.75439821138373 29.979150371202415
557,538006124,1682843278,1682925532,295,46,179492,E,D,122.07685838333425 29.893054494052702
558,563059200,1689774010,1689923803,353,54,178257,B,A,122.04954154331483 29.890458695384908
559,563004900,1682470981,1682532799,300,43,78715,B,A,122.00491060230848 29.76673611935694
560,356612000,1681518453,1681604170,292,45,181412,E,D,122.07685838333425 29.893054494052702
561,311000725,1704681839,1704755765,142,23,11817,B,A,122.00190326744374 29.764757824193353
562,441587000,1674031939,1674084956,112,18,7986,C,B,121.89868694105951 29.931472410600644
563,566376000,1686794520,1686876579,100,16,4318,D,C,122.11536286626986 29.9081121196694
564,477241500,1703297267,1703556879,226,36,58757,A,B,121.74391419091693 29.98181953364116
565,477250700,1677355755,1677425538,143,23,12599,B,A,122.06350371165705 29.891022988210633
566,209856000,1686793601,1686968400,289,49,74497,A,C,122.09094289999453 29.897187190163223
567,477078600,1673305275,1673328121,172,28,21355,B,A,121.83557254458088 29.946175822681994
568,525109011,1706313252,1706397998,100,17,3774,A,B,121.8960833011353 29.93290032975045
569,563185900,1694842743,1694921018,184,27,38506,C,B,121.75439821138373 29.979150371202415
570,220497000,1690495368,1690633134,398,56,174239,B,A,122.05636332082932 29.890401487700096
571,416047000,1692094171,1692145903,191,28,21008,B,A,121.93228463787132 29.940084640162464
572,477842900,1682966020,1683014295,172,28,24542,B,A,121.93228463787132 29.940084640162464
573,441736000,1701633784,1701658996,295,32,63157,B,A,121.86982971079169 29.93642695035784
574,235110737,1679861033,1679961587,335,46,103891,B,A,122.00991809253446 29.771098138093954
575,636021169,1694500332,1694588606,144,25,19975,C,B,121.9529721578593 29.94995541645756
576,352980856,1687165173,1687244378,127,20,12900,C,B,121.78323817164318 29.97243550629892
577,255805778,1682418015,1682464631,277,40,68228,B,A,121.83278587017914 29.947227829201804
578,241645000,1684380283,1684551851,333,60,319431,D,C,121.81345119675835 29.956549406214588
579,373918000,1681107218,1681274408,292,45,182097,E,D,122.07685838333425 29.893054494052702
580,750101000,1700384217,1700605130,183,32,44954,C,B,121.75439821138373 29.979150371202415
581,621819069,1693187680,1693380691,333,60,314020,D,C,121.97053870035003 29.948500300623
582,353800000,1681521854,1681583121,211,33,36972,B,A,122.03102823282664 29.89508922632821
583,636021095,1692918090,1692949850,146,23,13703,B,A,121.83825180579714 29.945235140108068
584,477648200,1704681567,1704850588,333,60,310298,D,C,121.99610422984635 29.92340472293356
585,636021097,1703420730,1703457711,146,23,13715,B,A,121.84116957510483 29.944137794036124
586,354280000,1692501955,1692583571,105,16,4036,A,B,121.89581318351006 29.93222177093501
587,414380000,1702104992,1702257065,189,32,57034,E,D,121.8854311014227 29.935859473467904
588,311000388,1687415325,1687494859,225,36,54336,A,C,121.97377818306916 29.945100713933336
589,636022743,1699922451, None,100,18,5157,A,B,121.89868694105951 29.931472410600644
590,416068000,1679896433,1680344476,149,24,19999,C,B,121.89906923112821 29.93256276320894
591,351996000,1682135547,1682231655,113,19,9588,F,A,121.92337754450146 29.91836008290917
592,538005343,1686989125,1687185432,292,45,180541,E,D,121.88299170323923 29.936601974988143
593,477907100,1693920563,1693979634,366,51,160978,B,A,122.05636332082932 29.890401487700096
594,356758000,1698807376,1698835443,172,32,28697,B,A,121.86982971079169 29.93642695035784
595,636015417,1692000896,1692105841,289,45,174350,E,D,121.88299170323923 29.936601974988143
596,413472910,1686729517,1686811951,119,19,5562,A,B,121.89906923112821 29.93256276320894
597,477682400,1674368157,1674620528,92,14,3560,C,B,121.75102788409284 29.976417555460966
598,441799000,1701487163,1701655013,108,18,6499,C,B,121.89581318351006 29.93222177093501
599,636018949,1681288771,1681345785,179,27,35703,C,B,121.75439821138373 29.979150371202415
600,636016003,1703415057,1703461621,255,38,63016,B,A,121.86982971079169 29.93642695035784
601,636018303,1674877953,1675057163,125,20,12355,C,B,121.89581318351006 29.93222177093501
602,441736000,1683086558,1683205229,295,32,63157,B,A,121.93228463787132 29.940084640162464
603,636015250,1695016571,1695191894,183,32,50545,C,C,121.81345119675835 29.956549406214588
604,636018933,1703336059,1703404342,318,43,96103,B,A,122.04954154331483 29.890458695384908
605,564442000,1691186603,1691251666,285,40,63216,B,A,122.00190326744374 29.764757824193353
606,566881000,1697419814,1697561341,398,51,176752,B,A,122.01772291936598 29.776682898612826
607,440228000,1694683613,1694827706,117,20,11260,C,B,121.9529721578593 29.94995541645756
608,440099000,1703321295,1703380912,293,45,179407,E,D,122.07685838333425 29.893054494052702
609,538004558,1693091474,1693211721,140,21,14484,D,C,122.11536286626986 29.9081121196694
610,636018014,1698133558,1698221965,105,18,5354,A,B,121.89868694105951 29.931472410600644
611,413472910,1693180249,1693261190,119,19,5562,A,B,121.8960833011353 29.93290032975045
612,374728000,1681956540,1682035271,97,17,3994,A,B,121.89868694105951 29.931472410600644
613,538009762,1681086742,1681115775,335,51,142411,B,A,122.06000013409714 29.890552673105862
614,477266100,1680846415,1680922296,93,15,3992,C,B,121.75102788409284 29.976417555460966
615,563170200,1688373073,1688434738,120,18,8703,C,B,121.75109782011569 29.9804931127261
616,477932600,1693878232, None,330,60,297058,D,C,121.99610422984635 29.92340472293356
617,357918000,1697611424,1697869307,333,60,302290,D,C,121.99610422984635 29.92340472293356
618,416067000,1697695968,1697939942,149,24,19999,C,B,121.89906923112821 29.93256276320894
619,419001817,1698569558,1698648085,180,32,48676,D,C,121.78323817164318 29.97243550629892
620,477157300,1677808818,1677915889,290,47,88613,A,C,122.09094289999453 29.897187190163223
621,477842400,1673688149,1673853777,330,48,132314,B,A,122.04954154331483 29.890458695384908
622,477112500,1686216247,1686379898,110,20,7639,D,C,121.73874655338956 29.973492436335484
623,440564000,1698809125,1698891114,97,17,3983,A,B,121.89868694105951 29.931472410600644
624,229270000,1700447149,1700578430,400,59,198375,B,A,122.02107120092448 29.778912029292396
625,440151000,1702469836,1702542327,304,40,80866,B,A,121.86670274091357 29.937366869184032
626,636021827,1698109517,1698282224,333,60,299984,D,C,121.9900784144446 29.92800063526856
627,477848800,1697877142,1698027120,333,60,318292,D,C,121.8177632951752 29.95400256789684
628,636021825,1674888557,1674971964,292,45,182147,E,D,122.07685838333425 29.893054494052702
629,229988000,1701550764,1701616558,300,49,117046,B,A,122.02459458045499 29.78192432924778
630,525009331,1677034963,1677118893,99,18,4285,A,B,121.8960833011353 29.93290032975045
631,538006613,1672892592,1673057814,336,60,299999,D,C,121.99610422984635 29.92340472293356
632,636092792,1676453479,1676499960,300,48,116933,B,A,122.05636332082932 29.890401487700096
633,477466300,1680927325,1681005761,172,28,21355,B,A,121.92225542141885 29.921236299120544
634,352001627,1704935065,1705018503,100,18,5179,A,B,121.89868694105951 29.931472410600644
635,636021281,1687409433,1687572427,292,45,181356,E,D,122.07685838333425 29.893054494052702
636,477856600,1679806093,1679855504,172,28,24507,B,A,121.93228463787132 29.940084640162464
637,477584600,1698196502,1698275878,178,28,33985,C,B,121.74391419091693 29.98181953364116
638,477219800,1699405343,1699664437,333,60,322829,D,C,121.8177632951752 29.95400256789684
639,416065000,1688295626,1688430498,149,24,19999,C,B,121.89868694105951 29.931472410600644
640,240704000,1682930196,1683085423,292,45,177855,E,D,122.07685838333425 29.893054494052702
641,373598000,1699522412,1699610138,399,54,186541,B,A,122.04954154331483 29.890458695384908
642,636093030,1699101196,1699133944,222,32,44234,B,A,121.86670274091357 29.937366869184032
643,477902200,1703045796,1703209723,254,43,115406,E,D,122.07685838333425 29.893054494052702
644,372762000,1684994698,1685055266,226,32,37115,B,A,121.86442501839048 29.938071272210003
645,440427000,1684551440,1684641846,120,20,11430,C,B,121.77782813498385 29.974398546735802
646,636017976,1693366352,1693462018,98,16,3804,A,B,121.97569035225924 29.943624807948318
647,636018102,1688691096,1688753896,332,42,103371,B,A,122.02459458045499 29.78192432924778
648,440151000,1685057753,1685125562,304,40,80866,B,A,121.86442501839048 29.938071272210003
649,374508000,1701269869,1701335893,172,28,23484,B,A,121.86982971079169 29.93642695035784
650,413255730,1697275959,1697346137,96,15,4060,C,B,121.9561103968495 29.95190766488247
651,416072000,1703990839,1704157351,149,24,19999,C,B,121.89906923112821 29.93256276320894
652,636021885,1701146389,1701497823,330,60,297168,D,C,121.8177632951752 29.95400256789684
653,563152300,1675966804,1676008423,266,32,51822,B,A,122.03102823282664 29.89508922632821
654,636017848,1687433758,1687564848,295,46,180156,E,D,121.88299170323923 29.936601974988143
655,477454100,1705200083,1705276355,368,51,150775,B,A,121.92547188203457 29.936120717921202
656,636022814,1704633737,1704658692,172,28,24286,B,A,122.02459458045499 29.78192432924778
657,441401000,1687943230,1687993703,299,40,85523,B,A,121.83825180579714 29.945235140108068
658,311000344,1678782423,1679358736,225,36,54494,A,B,121.9808752760512 29.936644381754785
659,636019193,1697871683,1697955140,295,46,180371,E,D,122.07685838333425 29.893054494052702
660,241577000,1691287584,1691475627,336,60,319398,D,C,121.99610422984635 29.92340472293356
661,563053300,1693455191,1693560718,353,54,178257,B,A,122.0464197431265 29.8909733510863
662,563110500,1677044462,1677285329,230,37,55075,A,C,121.97377818306916 29.945100713933336
663,235102679,1678602418,1678714000,335,46,103891,B,A,122.01299469099648 29.772993330553064
664,205195000,1703735083,1703980767,300,50,210203,E,D,122.07685838333425 29.893054494052702
665,352001272,1686735653,1686867829,99,17,4974,A,B,121.89868694105951 29.931472410600644
666,636021097,1692063296,1692112684,146,23,13715,B,A,121.83825180579714 29.945235140108068
667,563084800,1704727568,1704727717,300,43,78268,B,A,122.01559181743525 29.774331830243206
668,414758000,1686734759,1686818202,255,37,67001,B,A,122.00491060230848 29.76673611935694
669,477524500,1673857441,1674107110,300,49,211122,E,D,122.07685838333425 29.893054494052702
670,374666000,1693705413,1693877695,89,14,3999,C,B,121.9529721578593 29.94995541645756
671,373336000,1697345376,1697594283,183,32,46803,C,B,121.74391419091693 29.98181953364116
672,477250700,1689574819,1689640392,143,23,12599,B,A,122.06350371165705 29.891022988210633
673,219302000,1678151932,1678243062,160,27,24232,A,B,121.89581318351006 29.93222177093501
674,413371050,1688521487,1688605352,91,13,3379,C,B,121.89868694105951 29.931472410600644
675,477159500,1676439719,1676599235,333,60,310970,D,C,121.99610422984635 29.92340472293356
676,447025000,1706155976,1706414699,333,60,319634,D,C,121.81345119675835 29.956549406214588
677,563591000,1680847137,1681013227,333,60,299984,D,C,121.9900784144446 29.92800063526856
678,538008128,1680013756,1680331498,292,45,180377,E,D,121.8854311014227 29.935859473467904
679,525009331,1694594213,1695277110,99,18,4285,A,B,121.8960833011353 29.93290032975045
680,477100100,1684559861,1684733847,333,60,310574,D,C,121.99610422984635 29.92340472293356
681,563140200,1693634136,1693874876,230,36,55087,A,B,121.74391419091693 29.98181953364116
682,440280000,1701994162,1702101679,145,23,12180,B,A,121.92225542141885 29.921236299120544
683,440189000,1694848851,1694903982,304,40,80811,B,A,121.87415299792524 29.935347915226927
684,352001126,1702110290,1702254848,127,20,12873,C,C,121.97812002297549 29.939168019254215
685,636014580,1698578987,1698717546,292,45,182060,E,D,122.07685838333425 29.893054494052702
686,370354000,1681959558,1682041627,143,22,12782,B,A,121.92225542141885 29.921236299120544
687,352980788,1704821248,1704927904,400,62,241960,B,A,122.01772291936598 29.776682898612826
688,413329850,1689938762,1689980880,145,23,12696,B,A,121.92151130212007 29.93412576257949
689,477182400,1672574679,1672667968,335,43,101566,B,A,122.00749578533595 29.76871274276176
690,431027000,1691332225,1691413706,304,40,80220,B,A,121.87415299792524 29.935347915226927
691,636019102,1679899039,1680046486,292,45,179469,E,D,121.88299170323923 29.936601974988143
692,538008691,1697902933,1697937144,171,28,23415,B,A,121.83557254458088 29.946175822681994
693,538005330,1687680111,1687783463,292,45,179185,E,D,121.88299170323923 29.936601974988143
694,563231000,1691925046,1692034890,398,51,176887,B,A,122.02107120092448 29.778912029292396
695,373275000,1683256737,1683427449,292,45,180818,E,D,121.88299170323923 29.936601974988143
696,538004949,1689158414,1689317595,292,45,179134,E,D,122.07685838333425 29.893054494052702
697,636093010,1675933274,1675960355,171,32,31095,B,A,121.84116957510483 29.944137794036124
698,441799000,1673325286,1673414039,108,18,6499,C,B,121.77782813498385 29.974398546735802
699,413472910,1680572964,1680647438,119,19,5562,A,B,121.8960833011353 29.93290032975045
700,538005751,1676846255,1676894406,255,37,65165,B,A,121.83825180579714 29.945235140108068
701,477915400,1683956216,1684132386,292,45,178332,E,D,122.07685838333425 29.893054494052702
702,477779800,1697961115,1698124679,295,46,180335,E,D,122.07685838333425 29.893054494052702
703,356565000,1679708480,1679777078,293,40,72912,B,A,121.86670274091357 29.937366869184032
704,255803450,1686626827,1686673741,340,46,123281,B,A,122.03704830124349 29.893930377836373
705,525010240,1690357938,1690525708,100,14,3821,A,B,121.89581318351006 29.93222177093501
706,477915200,1704467476,1704521333,148,23,13281,B,A,122.00190326744374 29.764757824193353
707,373922000,1706572155,1706772764,292,45,181279,E,D,121.8854311014227 29.935859473467904
708,440304000,1692861552,1692931020,117,20,11747,C,B,121.89906923112821 29.93256276320894
709,477157400,1677124887,1677228008,400,59,198485,B,A,122.02107120092448 29.778912029292396
710,355705000,1704678023,1704852287,330,60,299999,D,C,121.8177632951752 29.95400256789684
711,219039000,1703831688,1703974890,399,58,190326,B,A,122.0464197431265 29.8909733510863
712,431787000,1698275189,1698425129,400,59,196384,B,A,121.92909140408368 29.938775522735195
713,215219000,1706060926,1706177591,396,54,186470,B,A,122.01772291936598 29.776682898612826
714,477855900,1692514394,1692560676,172,28,21196,B,A,121.92547188203457 29.936120717921202
715,477224100,1681431897,1681522225,143,23,12560,B,A,122.03102823282664 29.89508922632821
716,441346000,1686801922,1686874661,93,15,4050,C,B,121.75102788409284 29.976417555460966
717,636017850,1700285772,1700368940,295,46,180125,E,D,122.07685838333425 29.893054494052702
718,563017800,1684134264,1684261511,353,54,178257,B,A,122.03704830124349 29.893930377836373
719,416072000,1694921745,1695186254,149,24,19999,C,B,121.89906923112821 29.93256276320894
720,257928000,1679814674,1680341522,225,36,55047,A,C,121.97377818306916 29.945100713933336
721,352984000,1675217487,1675300571,186,32,47236,C,B,121.74391419091693 29.98181953364116
722,636020823,1686974050,1687060668,183,32,49800,C,B,121.78323817164318 29.97243550629892
723,538009693,1688156917,1688180454,147,24,13075,B,A,121.93228463787132 29.940084640162464
724,477348300,1697925708,1698043905,337,48,119368,B,A,122.06000013409714 29.890552673105862
725,373404000,1685926305,1686035227,366,48,175327,B,A,122.06000013409714 29.890552673105862
726,636020475,1677491655,1677536550,300,40,81171,B,A,122.05636332082932 29.890401487700096
727,373319000,1705903859,1705941862,171,28,22217,B,A,122.02459458045499 29.78192432924778
728,477441200,1688711251,1689015796,295,46,180429,E,D,121.88299170323923 29.936601974988143
729,371483000,1698802648,1698905662,141,25,19848,C,B,121.9529721578593 29.94995541645756
730,538003181,1681516995,1681581080,170,25,20351,B,A,122.00190326744374 29.764757824193353
731,477594500,1691482321,1691710758,183,34,46178,D,C,122.11536286626986 29.9081121196694
732,538010182,1682583874,1682735891,229,37,58207,A,C,121.97377818306916 29.945100713933336
733,352001627,1701844977,1701926307,100,18,5179,A,B,121.89906923112821 29.93256276320894
734,357463000,1677566592,1677665310,399,59,198886,B,A,122.02107120092448 29.778912029292396
735,413444430,1687498499,1687583158,114,17,6473,C,B,121.78323817164318 29.97243550629892
736,249357000,1697182739,1697332627,150,23,19932,C,B,121.9529721578593 29.94995541645756
737,574001760,1697285935,1697342038,98,15,3095,D,C,122.11536286626986 29.9081121196694
738,636021306,1687867798,1687943486,304,40,85622,B,A,121.86982971079169 29.93642695035784
739,416068000,1683078182,1683333774,149,24,19999,C,B,121.89906923112821 29.93256276320894
740,636020143,1700291751,1700439278,333,60,320105,D,C,121.8177632951752 29.95400256789684
741,636092984,1692537372,1692567925,222,30,37905,B,A,121.86982971079169 29.93642695035784
742,357203000,1686094128,1686295405,254,43,115088,E,D,121.88299170323923 29.936601974988143
743,636020579,1693300783,1693374627,292,45,178978,E,D,122.07685838333425 29.893054494052702
744,636022611,1689613422,1689677377,222,30,39443,B,A,122.06000013409714 29.890552673105862
745,564575000,1701398925,1701481305,368,51,152343,B,A,122.01772291936598 29.776682898612826
746,563167300,1705212408,1705384496,182,32,52422,C,C,121.81345119675835 29.956549406214588
747,636092863,1682703639,1682746467,209,30,34740,B,A,121.92547188203457 29.936120717921202
748,538004558,1689563512,1689648150,140,21,14484,D,C,122.11536286626986 29.9081121196694
749,370442000,1701645416,1701682415,269,32,51870,B,A,121.84116957510483 29.944137794036124
750,477105300,1704416812,1704506140,260,32,50869,B,A,122.03704830124349 29.893930377836373
751,305482000,1704017381,1704060149,212,30,34270,B,A,121.92909140408368 29.938775522735195
752,563113800,1685611368,1685689141,120,19,9120,A,B,121.8960833011353 29.93290032975045
753,440290000,1673657921,1673676026,92,15,3456,C,B,121.75102788409284 29.976417555460966
754,563200900,1704679725,1704954407,230,36,57961,A,C,121.97377818306916 29.945100713933336
755,416072000,1700964146,1701054190,149,24,19999,C,B,121.8960833011353 29.93290032975045
756,563157300,1697980740,1698059504,134,22,11424,B,A,121.93228463787132 29.940084640162464
757,352980856,1705025770,1705114607,127,20,12900,C,B,121.89581318351006 29.93222177093501
758,353743000,1688613524,1688694255,120,19,8764,A,B,121.8960833011353 29.93290032975045
759,219045000,1686143951,1686335723,399,58,190326,B,A,122.05279860785562 29.890331949101153
760,353066000,1672808758,1672877244,183,28,24261,B,A,122.06350371165705 29.891022988210633
761,538009961,1706309117,1706411661,289,45,175874,E,D,121.88299170323923 29.936601974988143
762,241576000,1675397506,1675561784,336,60,319398,D,C,121.9900784144446 29.92800063526856
763,477615500,1678519010,1678589371,176,31,40166,C,B,121.74391419091693 29.98181953364116
764,636022601,1697153684,1697339323,400,61,240739,B,A,122.0464197431265 29.8909733510863
765,305482000,1692739015,1692779434,212,30,34270,B,A,121.92909140408368 29.938775522735195
766,211578000,1702465035,1702512509,366,48,142023,B,A,121.83278587017914 29.947227829201804
767,440375000,1673963341,1674005537,148,23,12631,B,A,121.92151130212007 29.93412576257949
768,563812000,1672994867,1673046383,269,32,51300,B,A,121.83278587017914 29.947227829201804
769,256169000,1699407781,1699497668,300,49,116422,B,A,122.02459458045499 29.78192432924778
770,352002817,1702889144,1703139774,179,32,46166,C,B,121.74391419091693 29.98181953364116
771,477103400,1706560298,1706673732,110,20,7995,D,C,122.11536286626986 29.9081121196694
772,636093035,1692094844,1692180510,115,16,7325,A,B,121.9561103968495 29.95190766488247
773,636022170,1703453541,1703596410,292,45,182064,E,D,121.8854311014227 29.935859473467904
774,440266000,1675218854,1675392878,336,60,299981,D,C,121.9900784144446 29.92800063526856
775,357138000,1704173209,1704258179,98,16,3764,A,B,121.89868694105951 29.931472410600644
776,352001150,1678065439,1678148981,96,15,3124,A,B,121.89868694105951 29.931472410600644
777,352978162,1698631937,1698711410,96,15,3143,A,B,121.89868694105951 29.931472410600644
778,441586000,1676618662,1676683115,105,16,5666,C,B,121.77782813498385 29.974398546735802
779,258802000,1678160799,1678246896,182,32,49622,C,B,121.8960833011353 29.93290032975045
780,308171000,1683689174,1683700957,315,50,121963,A,C,122.09094289999453 29.897187190163223
781,355705000,1677488573,1677716965,330,60,299999,D,C,121.9900784144446 29.92800063526856
782,564300000,1684025297,1684106791,116,19,9016,C,B,121.75102788409284 29.976417555460966
783,255806255,1692809836,1692883961,275,40,68228,B,A,121.86670274091357 29.937366869184032
784,256828000,1679721304,1679816277,292,45,177935,E,D,121.88299170323923 29.936601974988143
785,413444420,1677743217,1677830164,115,17,6513,C,B,121.89906923112821 29.93256276320894
786,352001261,1684348337,1684400284,195,33,33541,B,A,122.02459458045499 29.78192432924778
787,477851200,1697965045,1698209151,255,43,114601,E,D,121.88299170323923 29.936601974988143
788,372160000,1706066917,1706299723,292,45,179234,E,D,121.88299170323923 29.936601974988143
789,440375000,1682480560,1682516217,148,23,12631,B,A,121.92547188203457 29.936120717921202
790,215159000,1682395587,1682483675,295,33,65987,B,A,121.86670274091357 29.937366869184032
791,413593850,1675306110,1675387052,108,18,6111,D,C,122.11536286626986 29.9081121196694
792,563073700,1698417304,1698499028,299,40,84868,B,A,122.03102823282664 29.89508922632821
793,241854000,1690794706, None,336,60,299995,D,C,121.99610422984635 29.92340472293356
794,563491000,1682233311,1682255789,255,37,65128,B,A,121.86014084053872 29.939446239013918
795,563127500,1685340421,1685428055,256,38,58252,B,A,121.86442501839048 29.938071272210003
796,357463000,1693116715,1693250756,399,59,198886,B,A,122.01772291936598 29.776682898612826
797,416067000,1676776037,1676936618,149,24,19999,C,B,121.8960833011353 29.93290032975045
798,352898801,1704851350,1705112395,225,32,73852,E,D,122.07685838333425 29.893054494052702
799,636021679,1676689689,1676874616,330,60,299847,D,C,121.81345119675835 29.956549406214588
800,353903000,1686811260,1686865294,293,40,72890,B,A,122.00991809253446 29.771098138093954
801,241391000,1698749913,1698989134,292,45,179218,E,D,121.8854311014227 29.935859473467904
802,564318000,1686664594,1686870176,300,48,187882,E,D,122.07685838333425 29.893054494052702
803,371169000,1704787562,1704937976,289,45,175569,E,D,121.88299170323923 29.936601974988143
804,305482000,1706456737,1706503478,212,30,34270,B,A,121.93228463787132 29.940084640162464
805,373837000,1684816804,1684900348,107,17,7330,C,B,121.77782813498385 29.974398546735802
806,538002666,1682305686,1682355624,170,25,20307,B,A,122.00491060230848 29.76673611935694
807,353719000,1690293352,1690330722,294,32,70753,B,A,122.03704830124349 29.893930377836373
808,440141000,1684409309,1684484574,304,40,80855,B,A,121.86670274091357 29.937366869184032
809,538009083,1698819658,1699069760,336,60,299997,D,C,121.81345119675835 29.956549406214588
810,563140100,1673584386,1673676993,115,19,8612,A,B,121.89581318351006 29.93222177093501
811,352001359,1677382807,1677472658,109,18,6829,C,B,121.89581318351006 29.93222177093501
812,440225000,1684998744,1685079368,117,21,11420,C,B,121.78323817164318 29.97243550629892
813,248859000,1692334351,1692485810,292,45,179430,E,D,121.88299170323923 29.936601974988143
814,566407000,1689315391,1689430678,354,46,125307,B,A,122.02459458045499 29.78192432924778
815,413444420,1698486908,1698571926,115,17,6513,C,B,121.89906923112821 29.93256276320894
816,416068000,1691643016,1691800292,149,24,19999,C,B,121.89906923112821 29.93256276320894
817,352001272,1703291624,1703374263,99,17,4974,A,B,121.89906923112821 29.93256276320894
818,477793100,1675306403,1675396151,333,60,318123,D,C,121.81345119675835 29.956549406214588
819,563152300,1673096040,1673146324,266,32,51822,B,A,122.03102823282664 29.89508922632821
820,354401000,1705137340,1705173770,172,27,22386,B,A,121.83825180579714 29.945235140108068
821,538009826,1700382708,1700624433,227,37,59320,A,C,121.74391419091693 29.98181953364116
822,354280000,1681001665,1681091545,105,16,4036,A,B,121.9561103968495 29.95190766488247
823,352070000,1704698727,1704769930,231,32,41982,B,A,122.03102823282664 29.89508922632821
824,352001127,1677399736,1677552882,333,60,317441,D,C,121.8177632951752 29.95400256789684
825,636022743,1684053548,1684191983,100,18,5157,A,B,121.89868694105951 29.931472410600644
826,416067000,1704592260,1704853702,149,24,19999,C,B,121.89906923112821 29.93256276320894
827,441872000,1693291692,1693329633,146,23,11898,B,A,121.92151130212007 29.93412576257949
828,566796000,1678339186,1678402341,398,51,176515,B,A,122.02107120092448 29.778912029292396
829,416067000,1686819839,1686902992,149,24,19999,C,B,121.89906923112821 29.93256276320894
830,477630400,1676904751,1676929022,132,19,8279,B,A,121.92547188203457 29.936120717921202
831,310528000,1699336595,1699493403,283,44,79084,A,C,122.09094289999453 29.897187190163223
832,440215000,1703378692,1703487524,106,18,4998,A,B,121.89906923112821 29.93256276320894
833,477293900,1674379995,1674471655,335,49,121805,B,A,122.01299469099648 29.772993330553064
834,372956000,1688804729,1688879990,174,28,35058,C,B,121.75439821138373 29.979150371202415
835,352001272,1692592286,1692673484,99,17,4974,A,B,121.89868694105951 29.931472410600644
836,416067000,1697695968,1697939942,149,24,19999,C,B,121.89906923112821 29.93256276320894
837,352132000,1701228841,1701302378,95,16,3752,A,B,121.89906923112821 29.93256276320894
838,563062700,1691741177,1691780671,208,30,34409,B,A,121.83825180579714 29.945235140108068
839,477630400,1672553024,1672569421,132,19,8279,B,A,121.93228463787132 29.940084640162464
840,374028000,1698541671,1698627975,96,15,3260,A,B,121.89868694105951 29.931472410600644
841,440215000,1706766275,1706851277,106,18,4998,A,B,121.89906923112821 29.93256276320894
842,563162000,1697874731,1698001084,300,50,206068,E,D,121.8854311014227 29.935859473467904
843,372072000,1703740574,1703912147,96,15,3200,A,B,121.89906923112821 29.93256276320894
844,352480000,1678077108,1678156988,147,25,19997,C,B,121.75439821138373 29.979150371202415
845,219630000,1688175142,1688378723,399,60,214121,B,A,122.0464197431265 29.8909733510863
846,219019094,1675729084,1675823211,399,60,213971,B,A,122.05636332082932 29.890401487700096
847,477809900,1672618584,1672708638,109,20,7944,D,C,122.11536286626986 29.9081121196694
848,440134000,1698225232,1698361919,120,20,12823,C,B,121.89581318351006 29.93222177093501
849,636016112,1683420442,1683529975,115,16,7410,A,B,121.9561103968495 29.95190766488247
850,538002666,1689321996,1689372846,170,25,20307,B,A,122.00190326744374 29.764757824193353
851,477961600,1693588321,1693661158,268,35,58430,B,A,121.86982971079169 29.93642695035784
852,232006324,1703410011,1703550560,289,45,180230,E,D,122.07685838333425 29.893054494052702
853,258689000,1676101858,1676245160,186,32,49999,C,B,121.74391419091693 29.98181953364116
854,240586000,1700443086,1700599213,289,45,171926,E,D,121.88299170323923 29.936601974988143
855,563158900,1691335707,1691404379,175,27,23517,B,A,122.06350371165705 29.891022988210633
856,413357420,1687326656,1687497233,185,32,45811,D,C,121.75109782011569 29.9804931127261
857,477173200,1691488431,1691703394,330,60,297183,D,C,121.9900784144446 29.92800063526856
858,416047000,1704750201,1704808947,191,28,21008,B,A,121.92151130212007 29.93412576257949
859,352002954,1695196905,1696727768,330,60,281396,D,C,121.97053870035003 29.948500300623
860,370252000,1686884187,1687074437,333,60,313998,D,C,121.8177632951752 29.95400256789684
861,416047000,1674904906,1674946814,191,28,21008,B,A,121.93228463787132 29.940084640162464
862,636093172,1686971489,1687062910,368,48,145528,B,A,121.83278587017914 29.947227829201804
863,636022174,1700725221,1700763282,172,27,22750,B,A,121.86256874954715 29.938672571655324
864,636092156,1687788701,1687852305,254,43,115340,E,D,121.88299170323923 29.936601974988143
865,311000255,1692686434,1692843316,225,36,54336,A,C,121.78323817164318 29.97243550629892
866,414700000,1683037229,1683076244,255,37,66904,B,A,122.02459458045499 29.78192432924778
867,219028425,1685677952,1685847011,183,32,45916,C,C,121.75109782011569 29.9804931127261
868,370121000,1681816897,1681915226,400,59,199692,B,A,122.02107120092448 29.778912029292396
869,636021005,1705971311,1706058668,222,30,39276,B,A,121.83825180579714 29.945235140108068
870,636093174,1704028114,1704089285,366,48,145149,B,A,121.83278587017914 29.947227829201804
871,538006211,1703989049,1704164744,99,17,4753,A,B,121.89868694105951 29.931472410600644
872,416341000,1684350059,1684376323,165,27,15511,B,A,122.04040625503215 29.89264034445189
873,351280000,1682489253,1682574430,126,20,12526,C,B,121.78323817164318 29.97243550629892
874,412474590,1702863036,1702946616,110,18,4378,A,B,121.8960833011353 29.93290032975045
875,636020068,1704945993,1705118200,182,32,45557,C,B,121.74391419091693 29.98181953364116
876,636019878,1704004861,1704094585,299,46,93025,A,C,122.09094289999453 29.897187190163223
877,215281000,1698198147,1698372075,333,60,318918,D,C,121.99610422984635 29.92340472293356
878,636012244,1704683428,1704938378,183,32,46764,C,B,121.75109782011569 29.9804931127261
879,477067900,1675848601,1675900753,335,43,101279,B,A,122.00991809253446 29.771098138093954
880,441983000,1685317806,1685429830,103,16,4998,C,B,121.97812002297549 29.939168019254215
881,477266100,1676603564,1676682099,93,15,3992,C,B,121.75102788409284 29.976417555460966
882,431812000,1679884451,1679985391,292,45,181415,E,D,122.07685838333425 29.893054494052702
883,374670000,1682229948,1682383910,182,32,44999,D,B,121.74391419091693 29.98181953364116
884,440550000,1686926438,1686974969,148,23,12664,B,A,121.84116957510483 29.944137794036124
885,413138000,1673157727,1673241451,263,32,52160,B,A,122.00190326744374 29.764757824193353
886,370411000,1691376827,1691460501,146,24,19998,C,B,121.9561103968495 29.95190766488247
887,371633000,1704387509,1704431868,293,40,72370,B,A,121.86014084053872 29.939446239013918
888,440146000,1701938633,1702022109,100,18,4867,A,B,121.89868694105951 29.931472410600644
889,248247000,1693414920,1693474564,300,40,89177,B,A,122.00991809253446 29.771098138093954
890,371141000,1682108255,1682134316,172,27,22053,B,A,122.00491060230848 29.76673611935694
891,374204000,1705291619,1705375525,98,16,3805,A,B,121.89868694105951 29.931472410600644
892,566712000,1683876504,1683958570,96,16,3147,A,B,121.89906923112821 29.93256276320894
893,477191800,1674362862,1674623422,333,60,311054,D,C,121.8177632951752 29.95400256789684
894,567571000,1692053959,1692118069,172,27,20026,B,A,122.00491060230848 29.76673611935694
895,566118000,1674972776,1675030299,180,28,25944,B,A,121.83278587017914 29.947227829201804
896,566013000,1690275920,1690442396,224,36,54505,A,C,121.97377818306916 29.945100713933336
897,370188000,1672807598,1672878547,349,46,110038,B,A,122.00991809253446 29.771098138093954
898,477103600,1689915193,1690010658,110,20,7995,D,C,122.11536286626986 29.9081121196694
899,220477000,1674110310,1674276854,399,56,174239,B,A,122.0464197431265 29.8909733510863
900,477129700,1689408983,1689560371,226,36,54747,A,C,121.97377818306916 29.945100713933336
901,636017533,1678233823,1678342967,229,38,93217,E,D,122.07685838333425 29.893054494052702
902,440375000,1689491252,1689532468,148,23,12631,B,A,121.93228463787132 29.940084640162464
903,354526000,1683880779,1684011353,292,45,178342,E,D,121.88299170323923 29.936601974988143
